Pass,Result,Profit,Expected Payoff,Profit Factor,Recovery Factor,Sharpe Ratio,Custom,Equity DD %,Trades,BasketTP_USD,BasketSL_USD,TrailActivate_USD,TrailDistance_USD
300,11673.29,1673.29,0.999576,1.155897,0.783596,5.675350,0,20.5309,1674,10,6,8,4
425,11370.83,1370.83,0.864332,1.137434,0.595193,5.155286,0,22.2192,1586,10,6,8,5
600,10563.94,563.94,0.364774,1.047594,0.209118,1.812003,0,24.8484,1546,10,6,12,6
575,10563.94,563.94,0.364774,1.047594,0.209118,1.812003,0,24.8484,1546,10,6,10,6
475,10563.94,563.94,0.364774,1.047594,0.209118,1.812003,0,24.8484,1546,10,6,12,5
450,10563.94,563.94,0.364774,1.047594,0.209118,1.812003,0,24.8484,1546,10,6,10,5
350,10563.94,563.94,0.364774,1.047594,0.209118,1.812003,0,24.8484,1546,10,6,12,4
325,10563.94,563.94,0.364774,1.047594,0.209118,1.812003,0,24.8484,1546,10,6,10,4
225,10563.94,563.94,0.364774,1.047594,0.209118,1.812003,0,24.8484,1546,10,6,12,3
200,10563.94,563.94,0.364774,1.047594,0.209118,1.812003,0,24.8484,1546,10,6,10,3
100,10563.94,563.94,0.364774,1.047594,0.209118,1.812003,0,24.8484,1546,10,6,12,2
75,10563.94,563.94,0.364774,1.047594,0.209118,1.812003,0,24.8484,1546,10,6,10,2
50,10479.97,479.97,0.292486,1.043158,0.168469,1.767321,0,27.3919,1641,10,6,8,2
530,10464.28,464.28,0.300310,1.043724,0.206730,1.721103,0,20.4227,1546,10,8,6,6
275,10260.17,260.17,0.153856,1.025730,0.130026,1.134428,0,18.6161,1691,10,6,6,4
555,10086.92,86.92,0.059493,1.007543,0.030808,0.294877,0,26.8310,1461,10,8,8,6
265,10084.32,84.32,0.053741,1.009180,0.031749,0.297155,0,24.2036,1569,10,12,4,4
250,10037.04,37.04,0.022836,1.004469,0.017496,0.207510,0,20.0142,1622,10,6,4,4
550,9985.50,-14.50,-0.009177,0.998632,-0.006116,-0.056042,0,22.9705,1580,10,6,8,6
175,9672.19,-327.81,-0.211082,0.969263,-0.099671,-1.230631,0,31.6215,1553,10,6,8,3
270,9546.34,-453.66,-0.305084,0.954518,-0.168577,-1.475985,0,25.8015,1487,10,14,4,4
30,9544.24,-455.76,-0.299842,0.954498,-0.275805,-2.057117,0,15.6267,1520,10,8,6,2
130,9473.02,-526.98,-0.352495,0.936145,-0.306232,-2.921751,0,16.0075,1495,10,8,4,3
430,9422.10,-577.90,-0.398277,0.951050,-0.185935,-2.015030,0,29.4264,1451,10,8,8,5
280,9416.72,-583.28,-0.370807,0.946224,-0.187696,-2.137417,0,29.7758,1573,10,8,6,4
405,9329.05,-670.95,-0.439391,0.936181,-0.332047,-2.691717,0,19.4887,1527,10,8,6,5
267,9316.20,-683.80,-0.428984,0.926249,-0.213585,-2.203475,0,27.7203,1594,20,12,4,4
155,9294.94,-705.06,-0.488269,0.928201,-0.258095,-3.057582,0,25.6207,1444,10,8,6,3
605,9283.54,-716.46,-0.517300,0.941547,-0.275542,-2.284900,0,24.2617,1385,10,8,12,6
580,9283.54,-716.46,-0.517300,0.941547,-0.275542,-2.284900,0,24.2617,1385,10,8,10,6
480,9283.54,-716.46,-0.517300,0.941547,-0.275542,-2.284900,0,24.2617,1385,10,8,12,5
455,9283.54,-716.46,-0.517300,0.941547,-0.275542,-2.284900,0,24.2617,1385,10,8,10,5
355,9283.54,-716.46,-0.517300,0.941547,-0.275542,-2.284900,0,24.2617,1385,10,8,12,4
330,9283.54,-716.46,-0.517300,0.941547,-0.275542,-2.284900,0,24.2617,1385,10,8,10,4
230,9283.54,-716.46,-0.517300,0.941547,-0.275542,-2.284900,0,24.2617,1385,10,8,12,3
205,9283.54,-716.46,-0.517300,0.941547,-0.275542,-2.284900,0,24.2617,1385,10,8,10,3
105,9283.54,-716.46,-0.517300,0.941547,-0.275542,-2.284900,0,24.2617,1385,10,8,12,2
80,9283.54,-716.46,-0.517300,0.941547,-0.275542,-2.284900,0,24.2617,1385,10,8,10,2
269,9164.76,-835.24,-0.523990,0.909916,-0.260887,-2.682031,0,28.0096,1594,30,12,4,4
268,9164.76,-835.24,-0.523990,0.909916,-0.260887,-2.682031,0,28.0096,1594,25,12,4,4
255,9146.97,-853.03,-0.541950,0.906235,-0.489274,-4.167987,0,16.9550,1574,10,8,4,4
251,9130.14,-869.86,-0.521499,0.899409,-0.389316,-4.365847,0,21.7923,1668,15,6,4,4
266,9111.35,-888.65,-0.576297,0.901100,-0.298784,-2.994803,0,26.7223,1542,15,12,4,4
290,9103.13,-896.87,-0.623259,0.926374,-0.265469,-2.361226,0,32.8550,1439,10,12,6,4
55,9085.90,-914.10,-0.664317,0.915044,-0.345701,-3.493623,0,25.4227,1376,10,8,8,2
260,9035.60,-964.40,-0.593842,0.903081,-0.368550,-3.480788,0,23.8084,1624,10,10,4,4
505,9032.55,-967.45,-0.604279,0.904358,-0.348396,-4.023148,0,26.8580,1601,10,8,4,6
5,9016.43,-983.57,-0.637027,0.888097,-0.581554,-5.000000,0,16.7146,1544,10,8,4,2
302,8986.02,-1013.98,-0.630585,0.905775,-0.343771,-3.632820,0,28.6831,1608,20,6,8,4
500,8985.42,-1014.58,-0.633716,0.895168,-0.384199,-5.000000,0,25.4885,1601,10,6,4,6
277,8947.88,-1052.12,-0.642712,0.890672,-0.551206,-4.664047,0,18.6169,1637,20,6,6,4
387,8837.76,-1162.24,-0.692634,0.885230,-0.489399,-3.923041,0,22.4867,1678,20,10,4,5
0,8835.48,-1164.52,-0.716628,0.865053,-0.493092,-5.000000,0,23.3400,1625,10,6,4,2
252,8823.10,-1176.90,-0.704731,0.866722,-0.533546,-5.000000,0,21.5141,1670,20,6,4,4
400,8811.22,-1188.78,-0.735631,0.886461,-0.445697,-5.000000,0,25.9386,1616,10,6,6,5
125,8804.47,-1195.53,-0.737072,0.860603,-0.545852,-5.000000,0,21.1303,1622,10,6,4,3
276,8797.71,-1202.29,-0.737601,0.877752,-0.555867,-5.000000,0,21.0957,1630,15,6,6,4
525,8783.98,-1216.02,-0.756702,0.885487,-0.447412,-5.000000,0,26.4313,1607,10,6,6,6
145,8781.15,-1218.85,-0.863208,0.867093,-0.433592,-4.186886,0,27.0486,1412,10,14,4,3
278,8768.85,-1231.15,-0.752537,0.870860,-0.644838,-5.000000,0,18.6216,1636,25,6,6,4
375,8716.19,-1283.81,-0.824541,0.864468,-0.499545,-5.000000,0,24.9926,1557,10,6,4,5
65,8711.26,-1288.74,-1.006042,0.900133,-0.265901,-2.827488,0,46.7686,1281,10,12,8,2
180,8663.24,-1336.76,-0.978594,0.878914,-0.347964,-4.822243,0,36.9358,1366,10,8,8,3
253,8644.07,-1355.93,-0.812421,0.844865,-0.614575,-5.000000,0,21.5188,1669,25,6,4,4
127,8641.99,-1358.01,-0.880681,0.828175,-0.589025,-5.000000,0,22.4866,1542,20,6,4,3
126,8636.82,-1363.18,-0.872714,0.829672,-0.599912,-5.000000,0,22.1626,1562,15,6,4,3
135,8630.55,-1369.45,-0.941203,0.840233,-0.382234,-5.000000,0,34.8419,1455,10,10,4,3
261,8618.03,-1381.97,-0.870807,0.852583,-0.542240,-5.000000,0,23.4453,1587,15,10,4,4
279,8578.77,-1421.23,-0.868722,0.851127,-0.676995,-5.000000,0,20.4755,1636,30,6,6,4
34,8570.26,-1429.74,-0.953796,0.857495,-0.576545,-5.000000,0,23.5735,1499,30,8,6,2
33,8570.26,-1429.74,-0.953796,0.857495,-0.576545,-5.000000,0,23.5735,1499,25,8,6,2
32,8570.26,-1429.74,-0.953796,0.857495,-0.576545,-5.000000,0,23.5735,1499,20,8,6,2
140,8564.24,-1435.76,-1.048766,0.826732,-0.523440,-5.000000,0,26.6747,1369,10,12,4,3
262,8527.42,-1472.58,-0.916353,0.846730,-0.535686,-5.000000,0,24.9046,1607,20,10,4,4
451,8521.78,-1478.22,-0.983513,0.875818,-0.420422,-4.722172,0,33.4938,1503,15,6,10,5
426,8506.38,-1493.62,-0.932347,0.866466,-0.413517,-5.000000,0,34.4078,1602,15,6,8,5
128,8492.36,-1507.64,-0.959669,0.814225,-0.653926,-5.000000,0,22.4866,1571,25,6,4,3
305,8456.66,-1543.34,-1.050606,0.873518,-0.427316,-5.000000,0,34.7249,1469,10,8,8,4
254,8453.99,-1546.01,-0.926309,0.823383,-0.645147,-5.000000,0,23.3727,1669,30,6,4,4
31,8452.14,-1547.86,-1.029847,0.845794,-0.632652,-5.000000,0,23.2577,1503,15,8,6,2
10,8444.92,-1555.08,-1.024427,0.836596,-0.432016,-5.000000,0,35.5741,1518,10,10,4,2
301,8435.32,-1564.68,-0.989677,0.857906,-0.457684,-5.000000,0,33.2450,1581,15,6,8,4
1,8423.37,-1576.63,-0.981712,0.814105,-0.582591,-5.000000,0,26.7453,1606,15,6,4,2
376,8410.00,-1590.00,-0.983302,0.833537,-0.565394,-5.000000,0,26.7890,1617,15,6,4,5
129,8405.00,-1595.00,-1.015277,0.803461,-0.691818,-5.000000,0,22.4866,1571,30,6,4,3
491,8383.80,-1616.20,-1.683542,0.867549,-0.248913,-2.479808,0,63.3291,960,15,12,12,5
315,8332.94,-1667.06,-1.317834,0.872434,-0.367452,-3.836177,0,43.7784,1265,10,12,8,4
452,8328.59,-1671.41,-1.148735,0.853324,-0.490874,-5.000000,0,32.4659,1455,20,6,10,5
427,8316.08,-1683.92,-1.089211,0.842304,-0.474837,-5.000000,0,33.8135,1546,20,6,8,5
51,8309.80,-1690.20,-1.057697,0.847787,-0.569208,-5.000000,0,28.5207,1598,15,6,8,2
415,8302.34,-1697.66,-1.217834,0.856105,-0.415497,-4.945340,0,38.4449,1394,10,12,6,5
326,8267.71,-1732.29,-1.158722,0.853164,-0.499114,-5.000000,0,33.8514,1495,15,6,10,4
368,8261.16,-1738.84,-1.731912,0.857344,-0.344760,-2.885434,0,49.1925,1004,25,12,12,4
134,8253.92,-1746.08,-1.245421,0.782965,-0.635733,-5.000000,0,25.8341,1402,30,8,4,3
133,8253.92,-1746.08,-1.245421,0.782965,-0.635733,-5.000000,0,25.8341,1402,25,8,4,3
132,8253.92,-1746.08,-1.245421,0.782965,-0.635733,-5.000000,0,25.8341,1402,20,8,4,3
327,8241.51,-1758.49,-1.170766,0.849724,-0.563718,-5.000000,0,30.4252,1502,20,6,10,4
380,8230.64,-1769.36,-1.155689,0.819610,-0.591826,-5.000000,0,29.0742,1531,10,8,4,5
131,8227.72,-1772.28,-1.260512,0.779836,-0.676076,-5.000000,0,24.6570,1406,15,8,4,3
76,8226.83,-1773.17,-1.108924,0.858020,-0.472188,-5.000000,0,34.1971,1599,15,6,10,2
274,8218.52,-1781.48,-1.194021,0.823220,-0.544071,-5.000000,0,29.8702,1492,30,14,4,4
264,8218.06,-1781.94,-1.108861,0.814784,-0.606300,-5.000000,0,26.9175,1607,30,10,4,4
263,8218.06,-1781.94,-1.108861,0.814784,-0.606300,-5.000000,0,26.9175,1607,25,10,4,4
14,8216.41,-1783.59,-1.218299,0.804110,-0.475727,-5.000000,0,37.0526,1464,30,10,4,2
13,8216.41,-1783.59,-1.218299,0.804110,-0.475727,-5.000000,0,37.0526,1464,25,10,4,2
12,8216.41,-1783.59,-1.218299,0.804110,-0.475727,-5.000000,0,37.0526,1464,20,10,4,2
9,8208.92,-1791.08,-1.198047,0.796431,-0.719393,-5.000000,0,24.6054,1495,30,8,4,2
8,8208.92,-1791.08,-1.198047,0.796431,-0.719393,-5.000000,0,24.6054,1495,25,8,4,2
7,8208.92,-1791.08,-1.198047,0.796431,-0.719393,-5.000000,0,24.6054,1495,20,8,4,2
201,8195.55,-1804.45,-1.195000,0.846913,-0.513188,-5.000000,0,34.2945,1510,15,6,10,3
377,8180.02,-1819.98,-1.169653,0.803951,-0.616581,-5.000000,0,28.1443,1556,20,6,4,5
272,8170.28,-1829.72,-1.226354,0.818433,-0.558804,-5.000000,0,30.0023,1492,20,14,4,4
493,8127.34,-1872.66,-1.992191,0.837372,-0.324966,-2.913796,0,56.2053,940,25,12,12,5
150,8116.45,-1883.55,-1.172091,0.820237,-0.620225,-5.000000,0,29.5334,1607,10,6,6,3
273,8102.36,-1897.64,-1.271877,0.811693,-0.579547,-5.000000,0,30.1901,1492,25,14,4,4
20,8095.76,-1904.24,-1.313269,0.819090,-0.666149,-5.000000,0,28.2509,1450,10,14,4,2
546,8085.47,-1914.53,-1.537775,0.823423,-0.385999,-5.000000,0,44.5770,1245,15,14,6,6
16,8084.35,-1915.65,-1.321138,0.797113,-0.590346,-5.000000,0,32.0694,1450,15,12,4,2
19,8065.63,-1934.37,-1.304363,0.804173,-0.542494,-5.000000,0,34.2179,1483,30,12,4,2
18,8065.63,-1934.37,-1.304363,0.804173,-0.542494,-5.000000,0,34.2179,1483,25,12,4,2
17,8065.63,-1934.37,-1.304363,0.804173,-0.542494,-5.000000,0,34.2179,1483,20,12,4,2
11,8065.07,-1934.93,-1.318072,0.787597,-0.516093,-5.000000,0,37.0526,1468,15,10,4,2
6,8057.58,-1942.42,-1.295811,0.779347,-0.780179,-5.000000,0,24.6054,1499,15,8,4,2
52,8055.60,-1944.40,-1.206952,0.827125,-0.603178,-5.000000,0,30.9622,1611,20,6,8,2
620,8044.79,-1955.21,-1.684074,0.866591,-0.535022,-4.116299,0,35.5392,1161,10,14,12,6
595,8044.79,-1955.21,-1.684074,0.866591,-0.535022,-4.116299,0,35.5392,1161,10,14,10,6
495,8044.79,-1955.21,-1.684074,0.866591,-0.535022,-4.116299,0,35.5392,1161,10,14,12,5
470,8044.79,-1955.21,-1.684074,0.866591,-0.535022,-4.116299,0,35.5392,1161,10,14,10,5
370,8044.79,-1955.21,-1.684074,0.866591,-0.535022,-4.116299,0,35.5392,1161,10,14,12,4
345,8044.79,-1955.21,-1.684074,0.866591,-0.535022,-4.116299,0,35.5392,1161,10,14,10,4
245,8044.79,-1955.21,-1.684074,0.866591,-0.535022,-4.116299,0,35.5392,1161,10,14,12,3
220,8044.79,-1955.21,-1.684074,0.866591,-0.535022,-4.116299,0,35.5392,1161,10,14,10,3
120,8044.79,-1955.21,-1.684074,0.866591,-0.535022,-4.116299,0,35.5392,1161,10,14,12,2
95,8044.79,-1955.21,-1.684074,0.866591,-0.535022,-4.116299,0,35.5392,1161,10,14,10,2
165,8044.31,-1955.69,-1.489482,0.824586,-0.438654,-5.000000,0,42.6215,1313,10,12,6,3
139,8041.68,-1958.32,-1.442062,0.752343,-0.527624,-5.000000,0,36.2005,1358,30,10,4,3
138,8041.68,-1958.32,-1.442062,0.752343,-0.527624,-5.000000,0,36.2005,1358,25,10,4,3
137,8041.68,-1958.32,-1.442062,0.752343,-0.527624,-5.000000,0,36.2005,1358,20,10,4,3
576,8024.73,-1975.27,-1.332841,0.834013,-0.524304,-5.000000,0,35.4079,1482,15,6,10,6
295,8019.30,-1980.70,-1.407747,0.855518,-0.588368,-5.000000,0,32.7382,1407,10,14,6,4
136,8015.48,-1984.52,-1.457063,0.749178,-0.539512,-5.000000,0,35.8765,1362,15,10,4,3
271,8003.51,-1996.49,-1.359081,0.803450,-0.626501,-5.000000,0,30.1457,1469,15,14,4,4
615,7996.64,-2003.36,-1.638070,0.857271,-0.511057,-4.748601,0,38.1219,1223,10,12,12,6
590,7996.64,-2003.36,-1.638070,0.857271,-0.511057,-4.748601,0,38.1219,1223,10,12,10,6
490,7996.64,-2003.36,-1.638070,0.857271,-0.511057,-4.748601,0,38.1219,1223,10,12,12,5
465,7996.64,-2003.36,-1.638070,0.857271,-0.511057,-4.748601,0,38.1219,1223,10,12,10,5
365,7996.64,-2003.36,-1.638070,0.857271,-0.511057,-4.748601,0,38.1219,1223,10,12,12,4
340,7996.64,-2003.36,-1.638070,0.857271,-0.511057,-4.748601,0,38.1219,1223,10,12,10,4
240,7996.64,-2003.36,-1.638070,0.857271,-0.511057,-4.748601,0,38.1219,1223,10,12,12,3
215,7996.64,-2003.36,-1.638070,0.857271,-0.511057,-4.748601,0,38.1219,1223,10,12,10,3
115,7996.64,-2003.36,-1.638070,0.857271,-0.511057,-4.748601,0,38.1219,1223,10,12,12,2
90,7996.64,-2003.36,-1.638070,0.857271,-0.511057,-4.748601,0,38.1219,1223,10,12,10,2
54,7976.64,-2023.36,-1.255965,0.820105,-0.627673,-5.000000,0,30.9622,1611,30,6,8,2
53,7976.64,-2023.36,-1.255965,0.820105,-0.627673,-5.000000,0,30.9622,1611,25,6,8,2
185,7976.12,-2023.88,-1.506984,0.842952,-0.512279,-5.000000,0,37.8888,1343,10,10,8,3
4,7945.05,-2054.95,-1.270056,0.767272,-0.743965,-5.000000,0,27.2980,1618,30,6,4,2
3,7945.05,-2054.95,-1.270056,0.767272,-0.743965,-5.000000,0,27.2980,1618,25,6,4,2
2,7945.05,-2054.95,-1.270056,0.767272,-0.743965,-5.000000,0,27.2980,1618,20,6,4,2
385,7915.37,-2084.63,-1.303709,0.804247,-0.620235,-5.000000,0,32.6857,1599,10,10,4,5
420,7911.67,-2088.33,-1.597804,0.833675,-0.579634,-5.000000,0,34.6927,1307,10,14,6,5
549,7909.76,-2090.24,-1.716125,0.799601,-0.399818,-5.000000,0,46.2905,1218,30,14,6,6
378,7909.54,-2090.46,-1.338323,0.774849,-0.708100,-5.000000,0,28.1489,1562,25,6,4,5
540,7904.87,-2095.13,-1.607928,0.814158,-0.532074,-5.000000,0,37.9168,1303,10,12,6,6
146,7900.32,-2099.68,-1.579895,0.747473,-0.719253,-5.000000,0,28.4726,1329,15,14,4,3
369,7880.69,-2119.31,-2.132103,0.826706,-0.390721,-3.408611,0,52.9034,994,30,12,12,4
190,7863.82,-2136.18,-1.792097,0.833770,-0.406224,-4.828634,0,50.7437,1192,10,12,8,3
15,7863.69,-2136.31,-1.397194,0.795431,-0.600015,-5.000000,0,35.1871,1529,10,12,4,2
548,7862.54,-2137.46,-1.740603,0.794922,-0.408850,-5.000000,0,46.2905,1228,25,14,6,6
565,7835.35,-2164.65,-1.761310,0.825597,-0.448712,-4.938780,0,46.9143,1229,10,12,8,6
366,7827.77,-2172.23,-2.255691,0.821944,-0.336111,-3.395814,0,63.0345,963,15,12,12,4
389,7811.58,-2188.42,-1.334402,0.784260,-0.657610,-5.000000,0,31.7304,1640,30,10,4,5
388,7811.58,-2188.42,-1.334402,0.784260,-0.657610,-5.000000,0,31.7304,1640,25,10,4,5
156,7797.89,-2202.11,-1.636040,0.764391,-0.601116,-5.000000,0,34.7744,1346,15,8,6,3
149,7775.18,-2224.82,-1.674056,0.732422,-0.739947,-5.000000,0,29.3258,1329,30,14,4,3
148,7775.18,-2224.82,-1.674056,0.732422,-0.739947,-5.000000,0,29.3258,1329,25,14,4,3
147,7775.18,-2224.82,-1.674056,0.732422,-0.739947,-5.000000,0,29.3258,1329,20,14,4,3
379,7772.20,-2227.80,-1.430829,0.759029,-0.721076,-5.000000,0,29.4584,1557,30,6,4,5
241,7772.15,-2227.85,-2.335273,0.817332,-0.328569,-3.321154,0,66.1325,954,15,12,12,3
303,7771.05,-2228.95,-1.381866,0.805379,-0.658924,-5.000000,0,32.8951,1613,25,6,8,4
159,7735.91,-2264.09,-1.693411,0.757574,-0.612481,-5.000000,0,35.0898,1337,30,8,6,3
158,7735.91,-2264.09,-1.693411,0.757574,-0.612481,-5.000000,0,35.0898,1337,25,8,6,3
157,7735.91,-2264.09,-1.693411,0.757574,-0.612481,-5.000000,0,35.0898,1337,20,8,6,3
401,7714.24,-2285.76,-1.391211,0.790760,-0.670504,-5.000000,0,32.4743,1643,15,6,6,5
601,7695.59,-2304.41,-1.803138,0.799671,-0.473892,-5.000000,0,47.4281,1278,15,6,12,6
494,7676.06,-2323.94,-2.488158,0.799573,-0.373989,-3.444715,0,60.6068,934,30,12,12,5
141,7662.95,-2337.05,-1.796349,0.704337,-0.677997,-5.000000,0,33.6199,1301,15,12,4,3
440,7662.40,-2337.60,-1.895864,0.808786,-0.521455,-5.000000,0,43.5952,1233,10,12,8,5
304,7630.32,-2369.68,-1.466386,0.792831,-0.672547,-5.000000,0,34.2636,1616,30,6,8,4
596,7613.74,-2386.26,-2.253314,0.802414,-0.475923,-5.000000,0,45.0695,1059,15,14,10,6
501,7601.17,-2398.83,-1.431283,0.763803,-0.700959,-5.000000,0,32.8353,1676,15,6,4,6
60,7598.48,-2401.52,-1.730202,0.820489,-0.639510,-5.000000,0,36.0140,1388,10,10,8,2
402,7582.98,-2417.02,-1.523012,0.767931,-0.722936,-5.000000,0,31.8782,1587,20,6,6,5
392,7568.55,-2431.45,-1.631846,0.756036,-0.589731,-5.000000,0,38.5768,1490,20,12,4,5
202,7550.66,-2449.34,-1.705669,0.781655,-0.793365,-5.000000,0,30.1115,1436,20,6,10,3
144,7537.81,-2462.19,-1.892537,0.688506,-0.689278,-5.000000,0,34.8404,1301,30,12,4,3
143,7537.81,-2462.19,-1.892537,0.688506,-0.689278,-5.000000,0,34.8404,1301,25,12,4,3
142,7537.81,-2462.19,-1.892537,0.688506,-0.689278,-5.000000,0,34.8404,1301,20,12,4,3
77,7513.22,-2486.78,-1.564997,0.800218,-0.608266,-5.000000,0,37.2304,1589,20,6,10,2
476,7502.43,-2497.57,-1.998056,0.783650,-0.483933,-5.000000,0,50.3371,1250,15,6,12,5
59,7486.34,-2513.66,-1.871675,0.762182,-0.776092,-5.000000,0,31.1514,1343,30,8,8,2
390,7480.39,-2519.61,-1.765669,0.767544,-0.593041,-5.000000,0,41.3175,1427,10,12,4,5
510,7474.31,-2525.69,-1.602595,0.777494,-0.655227,-5.000000,0,37.4864,1576,10,10,4,6
515,7461.79,-2538.21,-1.811713,0.762311,-0.611152,-5.000000,0,40.3891,1401,10,12,4,6
25,7438.14,-2561.86,-1.584329,0.757259,-0.791976,-5.000000,0,30.9498,1617,10,6,6,2
79,7434.26,-2565.74,-1.614688,0.793875,-0.627580,-5.000000,0,37.2304,1589,30,6,10,2
78,7434.26,-2565.74,-1.614688,0.793875,-0.627580,-5.000000,0,37.2304,1589,25,6,10,2
177,7410.87,-2589.13,-1.813116,0.742012,-0.687894,-5.000000,0,36.6015,1428,20,6,8,3
256,7383.91,-2616.09,-1.713222,0.720789,-0.873113,-5.000000,0,29.2239,1527,15,8,4,4
599,7376.96,-2623.04,-2.440037,0.790454,-0.439853,-5.000000,0,55.0559,1075,30,14,10,6
184,7376.30,-2623.70,-2.115887,0.726906,-0.617757,-5.000000,0,41.3013,1240,30,8,8,3
581,7376.27,-2623.73,-2.074095,0.760386,-0.612582,-5.000000,0,39.5673,1265,15,8,10,6
367,7372.99,-2627.01,-2.797668,0.782240,-0.422825,-3.926609,0,60.5978,939,20,12,12,4
176,7367.28,-2632.72,-1.829548,0.742212,-0.653795,-5.000000,0,39.1589,1439,15,6,8,3
448,7363.65,-2636.35,-2.211703,0.774179,-0.627563,-5.000000,0,40.0552,1192,25,14,8,5
206,7359.77,-2640.23,-2.132658,0.745221,-0.594666,-5.000000,0,42.2928,1238,15,8,10,3
428,7357.17,-2642.83,-1.686554,0.766067,-0.616152,-5.000000,0,40.8973,1567,25,6,8,5
397,7353.74,-2646.26,-1.847947,0.749948,-0.686440,-5.000000,0,36.7573,1432,20,14,4,5
58,7335.00,-2665.00,-1.978471,0.747974,-0.786087,-5.000000,0,32.6070,1347,25,8,8,2
559,7325.57,-2674.43,-2.007830,0.739602,-0.510065,-5.000000,0,49.0636,1332,30,8,8,6
203,7323.12,-2676.88,-1.853795,0.763710,-0.821701,-5.000000,0,31.7739,1444,25,6,10,3
545,7316.64,-2683.36,-2.148407,0.783628,-0.675178,-5.000000,0,38.2695,1249,10,14,6,6
403,7312.50,-2687.50,-1.687068,0.741995,-0.772754,-5.000000,0,33.1605,1593,25,6,6,5
281,7308.24,-2691.76,-1.852553,0.733268,-0.668433,-5.000000,0,39.2766,1453,15,8,6,4
257,7303.27,-2696.73,-1.768348,0.713774,-0.876438,-5.000000,0,30.0104,1525,20,8,4,4
453,7296.28,-2703.72,-1.843027,0.771368,-0.638382,-5.000000,0,40.3826,1467,25,6,10,5
328,7294.24,-2705.76,-1.780105,0.778351,-0.769003,-5.000000,0,34.3176,1520,25,6,10,4
492,7287.28,-2712.72,-2.974474,0.771407,-0.407613,-3.792691,0,64.9102,912,20,12,12,5
96,7282.91,-2717.09,-2.330266,0.793631,-0.659603,-5.000000,0,39.3250,1166,15,14,10,2
291,7276.91,-2723.09,-1.932640,0.773601,-0.643352,-5.000000,0,41.2828,1409,15,12,6,4
412,7252.43,-2747.57,-1.732390,0.775121,-0.773660,-5.000000,0,33.8619,1586,20,10,6,5
577,7249.28,-2750.72,-1.832592,0.778397,-0.643010,-5.000000,0,40.0079,1501,20,6,10,6
204,7235.76,-2764.24,-1.914294,0.756076,-0.826357,-5.000000,0,32.6260,1444,30,6,10,3
183,7224.96,-2775.04,-2.230740,0.711293,-0.653390,-5.000000,0,41.3013,1244,25,8,8,3
429,7216.44,-2783.56,-1.772968,0.753296,-0.628346,-5.000000,0,42.2392,1570,30,6,8,5
101,7197.35,-2802.65,-2.108841,0.763941,-0.595589,-5.000000,0,45.8964,1329,15,6,12,2
152,7196.10,-2803.90,-1.888148,0.709286,-0.880597,-5.000000,0,31.0557,1485,20,6,6,3
56,7191.00,-2809.00,-2.077663,0.734235,-0.794803,-5.000000,0,33.9919,1352,15,8,8,2
259,7183.99,-2816.01,-1.846564,0.701114,-0.881049,-5.000000,0,31.1738,1525,30,8,4,4
258,7183.99,-2816.01,-1.846564,0.701114,-0.881049,-5.000000,0,31.1738,1525,25,8,4,4
153,7183.20,-2816.80,-1.882888,0.709539,-0.881079,-5.000000,0,31.1815,1496,25,6,6,3
417,7180.43,-2819.57,-1.952611,0.761126,-0.604020,-5.000000,0,43.3495,1444,20,12,6,5
558,7174.23,-2825.77,-2.115097,0.724991,-0.538929,-5.000000,0,49.0636,1336,25,8,8,6
395,7167.30,-2832.70,-2.021913,0.755503,-0.663237,-5.000000,0,41.5353,1401,10,14,4,5
57,7157.78,-2842.22,-2.102234,0.731092,-0.796714,-5.000000,0,34.3114,1352,20,8,8,2
454,7155.55,-2844.45,-1.935000,0.759174,-0.650011,-5.000000,0,41.7245,1470,30,6,10,5
329,7153.51,-2846.49,-1.869002,0.766548,-0.777887,-5.000000,0,35.6902,1523,30,6,10,4
178,7153.14,-2846.86,-1.978360,0.723509,-0.714948,-5.000000,0,38.7220,1439,25,6,8,3
154,7148.58,-2851.42,-1.912421,0.704385,-0.882353,-5.000000,0,31.5192,1491,30,6,6,3
181,7142.37,-2857.63,-2.275183,0.706231,-0.664513,-5.000000,0,41.8186,1256,15,8,8,3
310,7140.92,-2859.08,-2.045122,0.790735,-0.691981,-5.000000,0,39.6245,1398,10,10,8,4
422,7128.77,-2871.23,-2.129993,0.760626,-0.736649,-5.000000,0,36.1194,1348,20,14,6,5
424,7126.77,-2873.23,-2.178340,0.746030,-0.798914,-5.000000,0,34.2913,1319,30,14,6,5
423,7126.77,-2873.23,-2.178340,0.746030,-0.798914,-5.000000,0,34.2913,1319,25,14,6,5
598,7126.15,-2873.85,-2.663438,0.770309,-0.477796,-5.000000,0,55.5301,1079,25,14,10,6
151,7113.22,-2886.78,-1.921957,0.707253,-0.867537,-5.000000,0,32.4550,1502,15,6,6,3
284,7098.09,-2901.91,-2.016616,0.712200,-0.712748,-5.000000,0,39.7104,1439,30,8,6,4
283,7098.09,-2901.91,-2.016616,0.712200,-0.712748,-5.000000,0,39.7104,1439,25,8,6,4
282,7096.07,-2903.93,-2.008250,0.715423,-0.712890,-5.000000,0,39.7301,1446,20,8,6,4
98,7096.03,-2903.97,-2.446479,0.790305,-0.656186,-5.000000,0,41.7726,1187,25,14,10,2
97,7096.03,-2903.97,-2.446479,0.790305,-0.656186,-5.000000,0,41.7726,1187,20,14,10,2
23,7086.33,-2913.67,-2.099186,0.718107,-0.860347,-5.000000,0,33.2195,1388,25,14,4,2
22,7086.33,-2913.67,-2.099186,0.718107,-0.860347,-5.000000,0,33.2195,1388,20,14,4,2
209,7084.03,-2915.97,-2.401952,0.718663,-0.685538,-5.000000,0,41.0085,1214,30,8,10,3
561,7074.78,-2925.22,-2.224502,0.751603,-0.467520,-5.000000,0,57.2789,1315,15,10,8,6
560,7073.95,-2926.05,-2.132690,0.773872,-0.743932,-5.000000,0,38.2502,1372,10,10,8,6
179,7065.78,-2934.22,-2.039069,0.715124,-0.721068,-5.000000,0,39.5716,1439,30,6,8,3
473,7053.99,-2946.01,-2.774021,0.758681,-0.600293,-5.000000,0,44.1054,1062,25,14,10,5
386,7053.56,-2946.44,-1.793329,0.723874,-0.753689,-5.000000,0,37.1795,1643,15,10,4,5
610,7050.19,-2949.81,-2.330024,0.788199,-0.706316,-5.000000,0,39.7598,1266,10,10,12,6
585,7050.19,-2949.81,-2.330024,0.788199,-0.706316,-5.000000,0,39.7598,1266,10,10,10,6
485,7050.19,-2949.81,-2.330024,0.788199,-0.706316,-5.000000,0,39.7598,1266,10,10,12,5
460,7050.19,-2949.81,-2.330024,0.788199,-0.706316,-5.000000,0,39.7598,1266,10,10,10,5
360,7050.19,-2949.81,-2.330024,0.788199,-0.706316,-5.000000,0,39.7598,1266,10,10,12,4
335,7050.19,-2949.81,-2.330024,0.788199,-0.706316,-5.000000,0,39.7598,1266,10,10,10,4
235,7050.19,-2949.81,-2.330024,0.788199,-0.706316,-5.000000,0,39.7598,1266,10,10,12,3
210,7050.19,-2949.81,-2.330024,0.788199,-0.706316,-5.000000,0,39.7598,1266,10,10,10,3
110,7050.19,-2949.81,-2.330024,0.788199,-0.706316,-5.000000,0,39.7598,1266,10,10,12,2
85,7050.19,-2949.81,-2.330024,0.788199,-0.706316,-5.000000,0,39.7598,1266,10,10,10,2
481,7049.08,-2950.92,-2.641826,0.730050,-0.601520,-5.000000,0,47.8479,1117,15,8,12,5
182,7047.74,-2952.26,-2.363699,0.692701,-0.695117,-5.000000,0,41.3013,1249,20,8,8,3
556,7046.73,-2953.27,-2.181145,0.725316,-0.571163,-5.000000,0,48.6017,1354,15,8,8,6
226,7046.19,-2953.81,-2.286231,0.747391,-0.615339,-5.000000,0,46.8192,1292,15,6,12,3
502,7041.58,-2958.42,-1.776829,0.715547,-0.757691,-5.000000,0,37.4630,1665,20,6,4,6
404,7035.99,-2964.01,-1.873584,0.715771,-0.789491,-5.000000,0,35.7969,1582,30,6,6,5
394,7033.63,-2966.37,-2.011098,0.704345,-0.665401,-5.000000,0,42.5065,1475,30,12,4,5
393,7033.63,-2966.37,-2.011098,0.704345,-0.665401,-5.000000,0,42.5065,1475,25,12,4,5
99,7023.09,-2976.91,-2.561885,0.779205,-0.679800,-5.000000,0,41.8054,1162,30,14,10,2
435,7013.90,-2986.10,-2.166981,0.771905,-0.748096,-5.000000,0,38.8179,1378,10,10,8,5
584,7009.28,-2990.72,-2.320186,0.736261,-0.578792,-5.000000,0,46.7025,1289,30,8,10,6
160,6985.35,-3014.65,-2.256475,0.744997,-0.614681,-5.000000,0,47.6949,1336,10,10,6,3
438,6951.71,-3048.29,-2.207306,0.750378,-0.697434,-5.000000,0,41.6741,1381,25,10,8,5
514,6941.58,-3058.42,-1.987277,0.699763,-0.633875,-5.000000,0,46.1579,1539,30,10,4,6
208,6932.69,-3067.31,-2.518317,0.704194,-0.721118,-5.000000,0,41.0085,1218,25,8,10,3
474,6927.27,-3072.73,-2.926410,0.744149,-0.666659,-5.000000,0,43.0688,1050,30,14,10,5
547,6918.94,-3081.06,-2.529606,0.717589,-0.567224,-5.000000,0,48.0953,1218,20,14,6,6
21,6918.84,-3081.16,-2.311448,0.690085,-0.885905,-5.000000,0,34.3723,1333,15,14,4,2
24,6905.84,-3094.16,-2.278468,0.695625,-0.886330,-5.000000,0,34.5008,1358,30,14,4,2
535,6899.71,-3100.29,-2.116239,0.745093,-0.781652,-5.000000,0,38.1928,1465,10,10,6,6
449,6887.10,-3112.90,-2.624705,0.735631,-0.665508,-5.000000,0,44.5990,1186,30,14,8,5
447,6880.01,-3119.99,-2.680404,0.732906,-0.666014,-5.000000,0,44.6666,1164,20,14,8,5
26,6877.88,-3122.12,-1.959900,0.700009,-0.820430,-5.000000,0,36.3738,1593,15,6,6,2
351,6831.97,-3168.03,-2.534424,0.728156,-0.594201,-5.000000,0,52.0010,1250,15,6,12,4
414,6822.68,-3177.32,-2.051207,0.734542,-0.792067,-5.000000,0,38.2484,1549,30,10,6,5
526,6815.52,-3184.48,-1.947694,0.722984,-0.706569,-5.000000,0,42.3585,1635,15,6,6,6
513,6812.83,-3187.17,-2.079041,0.685579,-0.660559,-5.000000,0,46.1579,1533,25,10,4,6
536,6807.32,-3192.68,-2.132719,0.733020,-0.598218,-5.000000,0,48.7369,1497,15,10,6,6
511,6804.25,-3195.75,-2.059117,0.694054,-0.712529,-5.000000,0,43.0574,1552,15,10,4,6
551,6801.29,-3198.71,-2.051770,0.726153,-0.600557,-5.000000,0,50.0585,1559,15,6,8,6
399,6794.56,-3205.44,-2.266931,0.699520,-0.726161,-5.000000,0,42.0890,1414,30,14,4,5
398,6794.56,-3205.44,-2.266931,0.699520,-0.726161,-5.000000,0,42.0890,1414,25,14,4,5
109,6792.41,-3207.59,-2.693191,0.726394,-0.706147,-5.000000,0,44.3036,1191,30,8,12,2
413,6790.12,-3209.88,-2.060257,0.731960,-0.800183,-5.000000,0,38.2484,1558,25,10,6,5
503,6772.26,-3227.74,-1.931622,0.684905,-0.773326,-5.000000,0,40.0471,1671,25,6,4,6
331,6764.99,-3235.01,-2.636520,0.698316,-0.802983,-5.000000,0,38.4946,1227,15,8,10,4
504,6756.06,-3243.94,-1.951829,0.678329,-0.774203,-5.000000,0,40.2025,1662,30,6,4,6
431,6752.42,-3247.58,-2.380924,0.709936,-0.654532,-5.000000,0,47.1874,1364,15,8,8,5
382,6740.13,-3259.87,-2.176148,0.664126,-0.744060,-5.000000,0,41.7740,1498,20,8,4,5
352,6736.96,-3263.04,-2.587661,0.718471,-0.633422,-5.000000,0,50.2441,1261,20,6,12,4
373,6732.52,-3267.48,-3.235129,0.768738,-0.650136,-5.000000,0,49.0190,1010,25,14,12,4
320,6718.70,-3281.30,-2.680801,0.771122,-0.730244,-5.000000,0,43.5312,1224,10,14,8,4
583,6705.71,-3294.29,-2.559666,0.709656,-0.634382,-5.000000,0,46.9350,1287,25,8,10,6
557,6702.46,-3297.54,-2.439009,0.693846,-0.622638,-5.000000,0,49.5574,1352,20,8,8,6
434,6697.32,-3302.68,-2.473918,0.699671,-0.655558,-5.000000,0,48.0363,1335,30,8,8,5
472,6696.09,-3303.91,-3.223327,0.722689,-0.714152,-5.000000,0,44.1114,1025,20,14,10,5
91,6690.14,-3309.86,-2.831360,0.743095,-0.744979,-5.000000,0,42.4144,1169,15,12,10,2
534,6689.00,-3311.00,-2.281875,0.669125,-0.692936,-5.000000,0,44.7116,1451,30,8,6,6
419,6679.77,-3320.23,-2.376686,0.713498,-0.679060,-5.000000,0,46.6201,1397,30,12,6,5
418,6679.77,-3320.23,-2.376686,0.713498,-0.679060,-5.000000,0,46.6201,1397,25,12,6,5
207,6676.72,-3323.28,-2.686564,0.685500,-0.767094,-5.000000,0,41.7677,1237,20,8,10,3
445,6672.04,-3327.96,-2.741318,0.759293,-0.703538,-5.000000,0,46.0019,1214,10,14,8,5
170,6663.67,-3336.33,-2.673341,0.736909,-0.726709,-5.000000,0,44.0206,1248,10,14,6,3
285,6647.83,-3352.17,-2.275743,0.742335,-0.886543,-5.000000,0,36.7715,1473,10,10,6,4
437,6641.14,-3358.86,-2.504743,0.721165,-0.717507,-5.000000,0,44.6354,1341,20,10,8,5
108,6641.07,-3358.93,-2.810820,0.713598,-0.739465,-5.000000,0,44.3036,1195,25,8,12,2
410,6637.08,-3362.92,-2.244940,0.736718,-0.875852,-5.000000,0,36.9725,1498,10,10,6,5
586,6630.39,-3369.61,-2.872643,0.720925,-0.657132,-5.000000,0,46.9421,1173,15,10,10,6
439,6625.44,-3374.56,-2.474018,0.723254,-0.718452,-5.000000,0,44.7851,1364,30,10,8,5
384,6620.85,-3379.15,-2.255774,0.651836,-0.750844,-5.000000,0,42.9113,1498,30,8,4,5
383,6620.85,-3379.15,-2.255774,0.651836,-0.750844,-5.000000,0,42.9113,1498,25,8,4,5
531,6596.41,-3403.59,-2.321685,0.670668,-0.735069,-5.000000,0,43.5228,1466,15,8,6,6
84,6595.66,-3404.34,-2.588852,0.712104,-0.710968,-5.000000,0,43.8278,1315,30,8,10,2
579,6589.33,-3410.67,-2.276816,0.724773,-0.690722,-5.000000,0,46.1800,1498,30,6,10,6
81,6585.71,-3414.29,-2.600373,0.706287,-0.731487,-5.000000,0,42.7229,1313,15,8,10,2
488,6584.47,-3415.53,-3.068760,0.729665,-0.683829,-5.000000,0,48.7154,1113,25,10,12,5
416,6582.32,-3417.68,-2.518556,0.702540,-0.640125,-5.000000,0,50.8601,1357,15,12,6,5
186,6579.95,-3420.05,-2.835862,0.690348,-0.664242,-5.000000,0,50.2183,1206,15,10,8,3
578,6577.83,-3422.17,-2.298301,0.724206,-0.691441,-5.000000,0,46.2875,1489,25,6,10,6
456,6559.94,-3440.06,-2.728041,0.691793,-0.718255,-5.000000,0,45.5497,1261,15,8,10,5
512,6558.22,-3441.78,-2.242202,0.669433,-0.696521,-5.000000,0,47.2717,1535,20,10,4,6
574,6546.72,-3453.28,-3.045220,0.707405,-0.454296,-5.000000,0,67.3054,1134,30,14,8,6
433,6545.98,-3454.02,-2.579552,0.686042,-0.685598,-5.000000,0,48.0363,1339,25,8,8,5
443,6544.73,-3455.27,-2.848533,0.705803,-0.689189,-5.000000,0,47.8032,1213,25,12,8,5
533,6537.66,-3462.34,-2.379615,0.654162,-0.724609,-5.000000,0,44.7116,1455,25,8,6,6
359,6536.80,-3463.20,-3.070213,0.695596,-0.677742,-5.000000,0,49.8390,1128,30,8,12,4
189,6535.01,-3464.99,-2.919115,0.686041,-0.657002,-5.000000,0,51.4388,1187,30,10,8,3
391,6532.09,-3467.91,-2.360728,0.681254,-0.677612,-5.000000,0,48.7525,1469,15,12,4,5
292,6520.13,-3479.87,-2.433476,0.732286,-0.698155,-5.000000,0,48.6146,1430,20,12,6,4
406,6510.45,-3489.55,-2.367402,0.679591,-0.789250,-5.000000,0,42.0487,1474,15,8,6,5
187,6504.72,-3495.28,-2.934744,0.683430,-0.662745,-5.000000,0,51.4388,1191,20,10,8,3
188,6502.45,-3497.55,-2.924373,0.683268,-0.663176,-5.000000,0,51.4388,1196,25,10,8,3
573,6499.50,-3500.50,-3.059878,0.703210,-0.460508,-5.000000,0,67.3054,1144,25,14,8,6
381,6492.54,-3507.46,-2.276093,0.656025,-0.781983,-5.000000,0,42.6573,1541,15,8,4,5
231,6488.46,-3511.54,-3.149363,0.687526,-0.680329,-5.000000,0,50.3424,1115,15,8,12,3
432,6488.04,-3511.96,-2.613065,0.680635,-0.714003,-5.000000,0,46.8989,1344,20,8,8,5
348,6477.10,-3522.90,-3.289356,0.723732,-0.795718,-5.000000,0,41.8603,1071,25,14,10,4
124,6467.85,-3532.15,-3.344839,0.752197,-0.646767,-5.000000,0,53.2656,1056,30,14,12,2
123,6467.85,-3532.15,-3.344839,0.752197,-0.646767,-5.000000,0,53.2656,1056,25,14,12,2
122,6467.85,-3532.15,-3.344839,0.752197,-0.646767,-5.000000,0,53.2656,1056,20,14,12,2
484,6466.63,-3533.37,-3.247583,0.669269,-0.621394,-5.000000,0,55.4598,1088,30,8,12,5
102,6461.62,-3538.38,-2.577116,0.714460,-0.705005,-5.000000,0,48.9517,1373,20,6,12,2
166,6459.30,-3540.70,-2.841653,0.674569,-0.722443,-5.000000,0,47.7810,1246,15,12,6,3
409,6458.47,-3541.53,-2.454283,0.664742,-0.809245,-5.000000,0,41.7277,1443,30,8,6,5
408,6458.47,-3541.53,-2.454283,0.664742,-0.809245,-5.000000,0,41.7277,1443,25,8,6,5
407,6456.45,-3543.55,-2.443828,0.668359,-0.809333,-5.000000,0,41.7470,1450,20,8,6,5
539,6447.94,-3552.06,-2.446322,0.691998,-0.603129,-5.000000,0,53.4624,1452,30,10,6,6
83,6444.32,-3555.68,-2.695739,0.699424,-0.739382,-5.000000,0,44.0170,1319,25,8,10,2
29,6430.27,-3569.73,-2.231081,0.663298,-0.839328,-5.000000,0,40.6522,1600,30,6,6,2
28,6430.27,-3569.73,-2.231081,0.663298,-0.839328,-5.000000,0,40.6522,1600,25,6,6,2
27,6430.27,-3569.73,-2.231081,0.663298,-0.839328,-5.000000,0,40.6522,1600,20,6,6,2
336,6429.55,-3570.45,-3.245864,0.686036,-0.826711,-5.000000,0,42.1235,1100,15,10,10,4
524,6428.48,-3571.52,-2.667304,0.666461,-0.617147,-5.000000,0,54.8334,1339,30,14,4,6
82,6422.87,-3577.13,-2.718184,0.693448,-0.740539,-5.000000,0,44.2133,1316,20,8,10,2
538,6415.38,-3584.62,-2.453539,0.689340,-0.608657,-5.000000,0,53.4624,1461,25,10,6,6
297,6414.50,-3585.50,-2.575790,0.729520,-0.896348,-5.000000,0,39.0148,1392,20,14,6,4
313,6414.09,-3585.91,-2.570545,0.723552,-0.809466,-5.000000,0,42.3876,1395,25,10,8,4
527,6409.50,-3590.50,-2.223220,0.683211,-0.746956,-5.000000,0,44.9549,1615,20,6,6,6
358,6385.46,-3614.54,-3.193057,0.682424,-0.707359,-5.000000,0,49.8390,1132,25,8,12,4
294,6385.22,-3614.78,-2.540253,0.721552,-0.710574,-5.000000,0,49.6168,1423,30,12,6,4
293,6385.22,-3614.78,-2.540253,0.721552,-0.710574,-5.000000,0,49.6168,1423,25,12,6,4
104,6382.66,-3617.34,-2.634625,0.708088,-0.720738,-5.000000,0,48.9517,1373,30,6,12,2
103,6382.66,-3617.34,-2.634625,0.708088,-0.720738,-5.000000,0,48.9517,1373,25,6,12,2
523,6381.26,-3618.74,-2.682535,0.661807,-0.625306,-5.000000,0,54.8334,1349,25,14,4,6
374,6381.22,-3618.78,-3.597197,0.744920,-0.672993,-5.000000,0,52.4454,1006,30,14,12,4
421,6364.42,-3635.58,-2.733519,0.701565,-0.777315,-5.000000,0,44.5540,1330,15,14,6,5
489,6361.31,-3638.69,-3.359825,0.708696,-0.697352,-5.000000,0,50.8919,1083,30,10,12,5
107,6347.71,-3652.29,-3.069151,0.688556,-0.750527,-5.000000,0,47.4629,1190,20,8,12,2
298,6346.58,-3653.42,-2.624583,0.724396,-0.898079,-5.000000,0,39.6772,1392,25,14,6,4
244,6339.04,-3660.96,-3.809532,0.715658,-0.528010,-5.000000,0,67.6252,961,30,12,12,3
243,6339.04,-3660.96,-3.809532,0.715658,-0.528010,-5.000000,0,67.6252,961,25,12,12,3
537,6323.77,-3676.23,-2.537081,0.684170,-0.630029,-5.000000,0,52.9689,1449,20,10,6,6
483,6315.29,-3684.71,-3.374277,0.655254,-0.648009,-5.000000,0,55.4598,1092,25,8,12,5
106,6312.33,-3687.67,-3.277929,0.674625,-0.759973,-5.000000,0,47.3271,1125,15,8,12,2
520,6297.01,-3702.99,-2.728806,0.699405,-0.752688,-5.000000,0,47.8435,1357,10,14,4,6
356,6296.22,-3703.78,-3.367073,0.673603,-0.713410,-5.000000,0,50.6363,1100,15,8,12,4
296,6295.02,-3704.98,-2.706340,0.720723,-0.899354,-5.000000,0,40.1801,1369,15,14,6,4
606,6274.38,-3725.62,-3.338369,0.666456,-0.749319,-5.000000,0,48.4940,1116,15,8,12,6
363,6271.20,-3728.80,-3.225606,0.724664,-0.754358,-5.000000,0,48.2111,1156,25,10,12,4
461,6267.63,-3732.37,-3.308839,0.682274,-0.734461,-5.000000,0,48.3296,1128,15,10,10,5
191,6246.78,-3753.22,-3.330275,0.693028,-0.630362,-5.000000,0,58.0724,1127,15,12,8,3
169,6245.98,-3754.02,-3.024996,0.654884,-0.746898,-5.000000,0,49.0010,1241,30,12,6,3
168,6245.98,-3754.02,-3.024996,0.654884,-0.746898,-5.000000,0,49.0010,1241,25,12,6,3
167,6245.98,-3754.02,-3.024996,0.654884,-0.746898,-5.000000,0,49.0010,1241,20,12,6,3
471,6228.63,-3771.37,-3.668648,0.694252,-0.738971,-5.000000,0,48.6163,1028,15,14,10,5
463,6227.16,-3772.84,-3.159832,0.693420,-0.740459,-5.000000,0,48.5826,1194,25,10,10,5
458,6225.31,-3774.69,-3.137731,0.651082,-0.740553,-5.000000,0,48.6002,1203,25,8,10,5
227,6221.21,-3778.79,-2.994287,0.678419,-0.705846,-5.000000,0,52.2154,1262,20,6,12,3
582,6218.54,-3781.46,-2.858246,0.680240,-0.665741,-5.000000,0,51.3382,1323,20,8,10,6
346,6217.17,-3782.83,-3.647859,0.689085,-0.760504,-5.000000,0,48.5145,1037,15,14,10,4
486,6216.31,-3783.69,-3.439718,0.717448,-0.698802,-5.000000,0,52.8101,1100,15,10,12,5
591,6209.15,-3790.85,-3.539542,0.690398,-0.655072,-5.000000,0,51.8472,1071,15,12,10,6
299,6203.75,-3796.25,-2.737022,0.713540,-0.901536,-5.000000,0,41.0703,1387,30,14,6,4
306,6203.49,-3796.51,-2.801852,0.656349,-0.840008,-5.000000,0,43.9509,1355,15,8,8,4
509,6202.44,-3797.56,-2.552124,0.609576,-0.782001,-5.000000,0,46.6203,1488,30,8,4,6
211,6190.92,-3809.08,-3.367887,0.679436,-0.812945,-5.000000,0,45.6998,1131,15,10,10,3
466,6188.25,-3811.75,-3.707928,0.668216,-0.741020,-5.000000,0,49.0010,1028,15,12,10,5
312,6182.92,-3817.08,-2.844322,0.698321,-0.818916,-5.000000,0,44.5995,1342,20,10,8,4
309,6180.17,-3819.83,-2.835805,0.658210,-0.808659,-5.000000,0,45.9352,1347,30,8,8,4
609,6175.73,-3824.27,-3.514954,0.643933,-0.658469,-5.000000,0,56.6460,1088,30,8,12,6
64,6171.57,-3828.43,-2.854907,0.704056,-0.829113,-5.000000,0,44.4110,1341,30,10,8,2
459,6164.85,-3835.15,-3.174793,0.652153,-0.743595,-5.000000,0,49.1767,1208,30,8,10,5
323,6164.62,-3835.38,-3.041538,0.719082,-0.868474,-5.000000,0,43.0732,1261,25,14,8,4
589,6148.78,-3851.22,-3.274847,0.689025,-0.647571,-5.000000,0,53.9870,1176,30,10,10,6
314,6147.94,-3852.06,-2.842849,0.698563,-0.820264,-5.000000,0,44.9342,1355,30,10,8,4
62,6141.28,-3858.72,-2.868937,0.701822,-0.830227,-5.000000,0,44.7023,1345,20,10,8,2
528,6140.18,-3859.82,-2.381135,0.654675,-0.760382,-5.000000,0,47.4737,1621,25,6,6,6
63,6139.01,-3860.99,-2.859993,0.701682,-0.830310,-5.000000,0,44.7242,1350,25,10,8,2
347,6112.80,-3887.20,-3.691548,0.698696,-0.865993,-5.000000,0,43.6922,1053,20,14,10,4
616,6098.30,-3901.70,-4.208954,0.689479,-0.600906,-5.000000,0,63.3291,927,15,12,12,6
40,6091.01,-3908.99,-2.820339,0.703364,-0.719436,-5.000000,0,51.8296,1386,10,12,6,2
444,6086.16,-3913.84,-3.294478,0.667160,-0.715235,-5.000000,0,52.1756,1188,30,12,8,5
349,6074.44,-3925.56,-3.679063,0.693547,-0.871106,-5.000000,0,43.9528,1067,30,14,10,4
506,6066.60,-3933.40,-2.610086,0.606229,-0.787898,-5.000000,0,47.9265,1507,15,8,4,6
61,6060.69,-3939.31,-2.922337,0.695002,-0.833120,-5.000000,0,45.4774,1348,15,10,8,2
442,6052.51,-3947.49,-3.379700,0.662243,-0.716976,-5.000000,0,52.4965,1168,20,12,8,5
508,6051.10,-3948.90,-2.646716,0.594211,-0.800914,-5.000000,0,47.3334,1492,25,8,4,6
234,6050.58,-3949.42,-3.366939,0.669376,-0.796853,-5.000000,0,48.3405,1173,30,8,12,3
457,6046.07,-3953.93,-3.254263,0.638406,-0.749367,-5.000000,0,50.3093,1215,20,8,10,5
311,6042.29,-3957.71,-3.023461,0.678249,-0.824219,-5.000000,0,45.9451,1309,15,10,8,4
477,6032.36,-3967.64,-3.348219,0.645666,-0.672627,-5.000000,0,57.5325,1185,20,6,12,5
482,6030.57,-3969.43,-3.638341,0.637016,-0.703634,-5.000000,0,55.0221,1091,20,8,12,5
308,6028.83,-3971.17,-2.939430,0.644816,-0.840698,-5.000000,0,45.9352,1351,25,8,8,4
487,6019.81,-3980.19,-3.751357,0.683680,-0.715943,-5.000000,0,54.2227,1061,20,10,12,5
35,6016.98,-3983.02,-2.743127,0.697620,-0.865733,-5.000000,0,44.3444,1452,10,10,6,2
597,6007.70,-3992.30,-3.713767,0.700649,-0.624672,-5.000000,0,59.0035,1075,20,14,10,6
521,6007.40,-3992.60,-2.933578,0.640303,-0.686402,-5.000000,0,55.1135,1361,15,14,4,6
571,5999.87,-4000.13,-3.568359,0.669300,-0.545718,-5.000000,0,65.8883,1121,15,14,8,6
364,5995.03,-4004.97,-3.506979,0.703470,-0.767356,-5.000000,0,50.9047,1142,30,10,12,4
468,5991.40,-4008.60,-3.732402,0.660717,-0.751937,-5.000000,0,50.8305,1074,25,12,10,5
411,5972.43,-4027.57,-2.676126,0.671474,-0.817676,-5.000000,0,46.8446,1505,15,10,6,5
498,5969.93,-4030.07,-4.255618,0.689930,-0.640030,-5.000000,0,61.4141,947,25,14,12,5
307,5967.07,-4032.93,-2.963211,0.639337,-0.868369,-5.000000,0,45.1630,1361,20,8,8,4
552,5947.03,-4052.97,-2.675228,0.652686,-0.686709,-5.000000,0,55.1973,1515,20,6,8,6
529,5932.55,-4067.45,-2.526366,0.636295,-0.769798,-5.000000,0,49.4155,1610,30,6,6,6
464,5904.87,-4095.13,-3.494138,0.666581,-0.755899,-5.000000,0,51.6556,1172,30,10,10,5
602,5900.71,-4099.29,-3.343630,0.648974,-0.728969,-5.000000,0,54.8473,1226,20,6,12,6
233,5899.24,-4100.76,-3.484078,0.656840,-0.827388,-5.000000,0,48.3405,1177,25,8,12,3
462,5880.56,-4119.44,-3.594625,0.660460,-0.756990,-5.000000,0,51.8874,1146,20,10,10,5
446,5879.52,-4120.48,-3.422326,0.673811,-0.701148,-5.000000,0,55.9820,1204,15,14,8,5
624,5875.68,-4124.32,-4.582578,0.670820,-0.596710,-5.000000,0,67.4132,900,30,14,12,6
41,5874.54,-4125.46,-3.044620,0.670982,-0.719820,-5.000000,0,55.0230,1355,15,12,6,2
608,5872.16,-4127.84,-3.800958,0.615899,-0.710738,-5.000000,0,56.6460,1086,25,8,12,6
221,5864.65,-4135.35,-3.908648,0.671448,-0.738825,-5.000000,0,54.5917,1058,15,14,10,3
532,5854.03,-4145.97,-2.867199,0.604303,-0.790908,-5.000000,0,49.0517,1446,20,8,6,6
236,5843.62,-4156.38,-3.701140,0.695232,-0.771125,-5.000000,0,52.5710,1123,15,10,12,3
242,5831.20,-4168.80,-4.411429,0.680744,-0.552658,-5.000000,0,73.5716,945,20,12,12,3
588,5831.03,-4168.97,-3.536022,0.663584,-0.692579,-5.000000,0,54.6435,1179,25,10,10,6
396,5814.19,-4185.81,-2.855259,0.657795,-0.786004,-5.000000,0,50.7300,1466,15,14,4,5
322,5803.17,-4196.83,-3.390008,0.695865,-0.878424,-5.000000,0,46.5986,1238,20,14,8,4
89,5776.43,-4223.57,-3.522577,0.675373,-0.818505,-5.000000,0,49.2613,1199,30,10,10,2
324,5764.81,-4235.19,-3.382740,0.691033,-0.879393,-5.000000,0,46.9727,1252,30,14,8,4
216,5759.49,-4240.51,-4.089209,0.640642,-0.741843,-5.000000,0,55.7522,1037,15,12,10,3
496,5757.89,-4242.11,-4.302343,0.701317,-0.625482,-5.000000,0,66.1490,986,15,14,12,5
372,5755.02,-4244.98,-4.431086,0.698408,-0.723125,-5.000000,0,57.2556,958,20,14,12,4
87,5746.14,-4253.86,-3.536043,0.673162,-0.819565,-5.000000,0,49.5505,1203,20,10,10,2
88,5743.87,-4256.13,-3.523286,0.673025,-0.819643,-5.000000,0,49.5721,1208,25,10,10,2
194,5739.41,-4260.59,-3.845298,0.652104,-0.668510,-5.000000,0,62.1609,1108,30,12,8,3
193,5739.41,-4260.59,-3.845298,0.652104,-0.668510,-5.000000,0,62.1609,1108,25,12,8,3
192,5739.41,-4260.59,-3.845298,0.652104,-0.668510,-5.000000,0,62.1609,1108,20,12,8,3
341,5737.33,-4262.67,-4.224648,0.629805,-0.880077,-5.000000,0,47.2408,1009,15,12,10,4
338,5736.01,-4263.99,-3.607437,0.666229,-0.872454,-5.000000,0,47.6683,1182,25,10,10,4
334,5733.84,-4266.16,-3.493989,0.622402,-0.864580,-5.000000,0,47.7203,1221,30,8,10,4
332,5733.75,-4266.25,-3.479812,0.615292,-0.864583,-5.000000,0,47.7211,1226,20,8,10,4
441,5729.08,-4270.92,-3.685004,0.642024,-0.717659,-5.000000,0,56.6909,1159,15,12,8,5
66,5714.87,-4285.13,-3.541430,0.681280,-0.639522,-5.000000,0,64.4454,1210,15,12,8,2
469,5714.21,-4285.79,-4.132874,0.629614,-0.764198,-5.000000,0,53.4735,1037,30,12,10,5
357,5708.60,-4291.40,-3.940680,0.621282,-0.786377,-5.000000,0,53.2260,1089,20,8,12,4
214,5706.60,-4293.40,-3.888949,0.639531,-0.845640,-5.000000,0,49.5190,1104,30,10,10,3
171,5699.40,-4300.60,-3.542504,0.644081,-0.832625,-5.000000,0,50.3774,1214,15,14,6,3
572,5685.40,-4314.60,-3.818230,0.648413,-0.552784,-5.000000,0,69.1103,1130,20,14,8,6
564,5682.36,-4317.64,-3.524604,0.625214,-0.623686,-5.000000,0,62.8433,1225,30,10,8,6
563,5682.36,-4317.64,-3.524604,0.625214,-0.623686,-5.000000,0,62.8433,1225,25,10,8,6
69,5681.65,-4318.35,-3.568884,0.678809,-0.641300,-5.000000,0,64.7649,1210,30,12,8,2
68,5681.65,-4318.35,-3.568884,0.678809,-0.641300,-5.000000,0,64.7649,1210,25,12,8,2
67,5681.65,-4318.35,-3.568884,0.678809,-0.641300,-5.000000,0,64.7649,1210,20,12,8,2
213,5674.04,-4325.96,-3.886757,0.636986,-0.846624,-5.000000,0,49.8365,1113,25,10,10,3
86,5660.51,-4339.49,-3.655847,0.659416,-0.822493,-5.000000,0,50.3679,1187,15,10,10,2
467,5641.84,-4358.16,-4.306482,0.620891,-0.767202,-5.000000,0,54.1635,1012,20,12,10,5
114,5634.48,-4365.52,-3.873576,0.672346,-0.825420,-5.000000,0,51.5842,1127,30,10,12,2
94,5629.83,-4370.17,-3.669328,0.693543,-0.775842,-5.000000,0,53.1368,1191,30,12,10,2
93,5629.83,-4370.17,-3.669328,0.693543,-0.775842,-5.000000,0,53.1368,1191,25,12,10,2
92,5629.83,-4370.17,-3.669328,0.693543,-0.775842,-5.000000,0,53.1368,1191,20,12,10,2
623,5624.87,-4375.13,-4.839746,0.650637,-0.628328,-5.000000,0,67.9142,904,25,14,12,6
478,5620.43,-4379.57,-3.560626,0.626539,-0.751315,-5.000000,0,56.8546,1230,25,6,12,5
172,5618.80,-4381.20,-3.623821,0.637336,-0.849476,-5.000000,0,50.3034,1209,20,14,6,3
522,5610.45,-4389.55,-3.237131,0.611932,-0.732692,-5.000000,0,56.7648,1356,20,14,4,6
112,5604.19,-4395.81,-3.886658,0.670188,-0.826414,-5.000000,0,51.8797,1131,20,10,12,2
113,5601.92,-4398.08,-3.871549,0.670055,-0.826488,-5.000000,0,51.9018,1136,25,10,12,2
516,5587.50,-4412.50,-3.151786,0.588263,-0.796377,-5.000000,0,52.4985,1400,15,12,4,6
333,5582.50,-4417.50,-3.606122,0.609168,-0.868610,-5.000000,0,49.1839,1225,25,8,10,4
361,5579.78,-4420.22,-4.007452,0.674441,-0.783758,-5.000000,0,55.0070,1103,15,10,12,4
287,5560.63,-4439.37,-3.207637,0.629518,-0.900658,-5.000000,0,48.0748,1384,20,10,6,4
212,5550.67,-4449.33,-3.983286,0.634107,-0.850240,-5.000000,0,51.0398,1117,20,10,10,3
286,5549.06,-4450.94,-3.255991,0.630153,-0.900891,-5.000000,0,48.1876,1367,15,10,6,4
174,5543.44,-4456.56,-3.686154,0.631098,-0.851644,-5.000000,0,51.0384,1209,30,14,6,3
173,5543.44,-4456.56,-3.686154,0.631098,-0.851644,-5.000000,0,51.0384,1209,25,14,6,3
604,5526.52,-4473.48,-3.675826,0.614928,-0.758762,-5.000000,0,57.5037,1217,30,6,12,6
116,5523.10,-4476.90,-4.682950,0.646470,-0.663827,-5.000000,0,65.7777,956,15,12,12,2
603,5519.82,-4480.18,-3.708758,0.614730,-0.759036,-5.000000,0,57.5690,1208,25,6,12,6
195,5511.76,-4488.24,-3.784351,0.694047,-0.809090,-5.000000,0,53.7405,1186,10,14,8,3
611,5508.75,-4491.25,-4.075544,0.668032,-0.805075,-5.000000,0,54.4110,1102,15,10,12,6
499,5493.38,-4506.62,-4.789182,0.655920,-0.665357,-5.000000,0,66.0621,941,30,14,12,5
479,5479.70,-4520.30,-3.666099,0.614065,-0.757177,-5.000000,0,58.2272,1233,30,6,12,5
44,5476.61,-4523.39,-3.313839,0.657102,-0.722789,-5.000000,0,59.3470,1365,30,12,6,2
43,5476.61,-4523.39,-3.313839,0.657102,-0.722789,-5.000000,0,59.3470,1365,25,12,6,2
42,5476.61,-4523.39,-3.313839,0.657102,-0.722789,-5.000000,0,59.3470,1365,20,12,6,2
289,5471.64,-4528.36,-3.281420,0.621945,-0.902420,-5.000000,0,48.9427,1380,30,10,6,4
541,5468.40,-4531.60,-3.537549,0.618880,-0.722863,-5.000000,0,56.1574,1281,15,12,6,6
229,5451.97,-4548.03,-3.670726,0.609204,-0.819316,-5.000000,0,54.1412,1239,30,6,12,3
288,5439.08,-4560.92,-3.283600,0.619422,-0.903049,-5.000000,0,49.2603,1389,25,10,6,4
621,5435.11,-4564.89,-4.800095,0.667859,-0.672298,-5.000000,0,66.2254,951,15,14,12,6
507,5430.29,-4569.71,-3.030312,0.553175,-0.823178,-5.000000,0,53.2932,1508,20,8,4,6
228,5371.69,-4628.31,-3.708582,0.607834,-0.821892,-5.000000,0,54.9242,1248,25,6,12,3
70,5344.33,-4655.67,-3.886202,0.683919,-0.816697,-5.000000,0,55.2261,1198,10,14,8,2
337,5324.02,-4675.98,-4.024079,0.634208,-0.882370,-5.000000,0,51.6866,1162,20,10,10,4
239,5322.20,-4677.80,-4.176607,0.659073,-0.822679,-5.000000,0,55.4584,1120,30,10,12,3
354,5292.14,-4707.86,-3.763277,0.603560,-0.829765,-5.000000,0,55.3381,1251,30,6,12,4
238,5289.64,-4710.36,-4.172152,0.656854,-0.823688,-5.000000,0,55.7760,1129,25,10,12,3
339,5289.04,-4710.96,-4.009328,0.635075,-0.883142,-5.000000,0,52.0277,1175,30,10,10,4
353,5286.35,-4713.65,-3.749920,0.608379,-0.829938,-5.000000,0,55.3946,1257,25,6,12,4
553,5273.94,-4726.06,-3.109250,0.606705,-0.718780,-5.000000,0,61.4923,1520,25,6,8,6
343,5250.55,-4749.45,-4.484844,0.622113,-0.853961,-5.000000,0,54.2452,1059,25,12,10,4
362,5249.74,-4750.26,-4.528370,0.627167,-0.796426,-5.000000,0,58.1738,1049,20,10,12,4
121,5200.92,-4799.08,-4.813521,0.665593,-0.806082,-5.000000,0,58.0677,997,15,14,12,2
497,5193.95,-4806.05,-5.206988,0.638652,-0.684304,-5.000000,0,68.5007,923,20,14,12,5
111,5162.98,-4837.02,-4.458083,0.630082,-0.874801,-5.000000,0,53.9293,1085,15,10,12,2
39,5143.95,-4856.05,-3.410147,0.626630,-0.883570,-5.000000,0,52.8598,1424,30,10,6,2
554,5133.21,-4866.79,-3.195529,0.594509,-0.724673,-5.000000,0,62.8084,1523,30,6,8,6
232,5131.54,-4868.46,-4.263100,0.594022,-0.863034,-5.000000,0,55.0199,1142,20,8,12,3
37,5113.66,-4886.34,-3.421807,0.624436,-0.884209,-5.000000,0,53.1511,1428,20,10,6,2
38,5111.39,-4888.61,-3.411452,0.624305,-0.884256,-5.000000,0,53.1730,1433,25,10,6,2
587,5080.67,-4919.33,-4.218979,0.611754,-0.726653,-5.000000,0,61.4550,1166,20,10,10,6
36,5012.77,-4987.23,-3.480272,0.616539,-0.886285,-5.000000,0,54.1215,1433,15,10,6,2
544,5010.50,-4989.50,-3.867829,0.584344,-0.735888,-5.000000,0,60.0347,1290,30,12,6,6
543,5010.50,-4989.50,-3.867829,0.584344,-0.735888,-5.000000,0,60.0347,1290,25,12,6,6
161,4995.24,-5004.76,-4.191591,0.552035,-0.885172,-5.000000,0,55.1457,1194,15,10,6,3
217,4942.65,-5057.35,-4.958186,0.583476,-0.835144,-5.000000,0,59.0632,1020,20,12,10,3
119,4894.44,-5105.56,-5.126064,0.616870,-0.805287,-5.000000,0,61.8370,996,30,12,12,2
118,4894.44,-5105.56,-5.126064,0.616870,-0.805287,-5.000000,0,61.8370,996,25,12,12,2
117,4894.44,-5105.56,-5.126064,0.616870,-0.805287,-5.000000,0,61.8370,996,20,12,12,2
222,4887.16,-5112.84,-4.959108,0.604296,-0.883622,-5.000000,0,56.4354,1031,20,14,10,3
436,4876.49,-5123.51,-4.223833,0.576822,-0.791530,-5.000000,0,61.5599,1213,15,10,8,5
371,4875.00,-5125.00,-5.182002,0.653045,-0.706531,-5.000000,0,70.7487,989,15,14,12,4
562,4867.10,-5132.90,-4.266750,0.565002,-0.729187,-5.000000,0,63.9002,1203,20,10,8,6
519,4847.56,-5152.44,-3.662004,0.531782,-0.830586,-5.000000,0,58.7772,1407,30,12,4,6
518,4847.56,-5152.44,-3.662004,0.531782,-0.830586,-5.000000,0,58.7772,1407,25,12,4,6
566,4833.92,-5166.08,-4.355885,0.607934,-0.721303,-5.000000,0,64.1684,1186,15,12,8,6
219,4825.95,-5174.05,-5.092569,0.573760,-0.838261,-5.000000,0,60.2015,1016,30,12,10,3
218,4825.95,-5174.05,-5.092569,0.573760,-0.838261,-5.000000,0,60.2015,1016,25,12,10,3
607,4805.02,-5194.98,-4.646673,0.555692,-0.826910,-5.000000,0,61.2747,1118,20,8,12,6
224,4767.88,-5232.12,-5.074801,0.595064,-0.885973,-5.000000,0,57.5988,1031,30,14,10,3
223,4767.88,-5232.12,-5.074801,0.595064,-0.885973,-5.000000,0,57.5988,1031,25,14,10,3
196,4763.81,-5236.19,-4.625610,0.600726,-0.846190,-5.000000,0,60.3536,1132,15,14,8,3
246,4761.65,-5238.35,-5.243594,0.648868,-0.723692,-5.000000,0,70.5987,999,15,14,12,3
570,4695.37,-5304.63,-4.503081,0.635894,-0.795654,-5.000000,0,64.8360,1178,10,14,8,6
344,4694.24,-5305.76,-5.131296,0.579322,-0.867240,-5.000000,0,59.6711,1034,30,12,10,4
619,4677.27,-5322.73,-6.000823,0.553788,-0.736169,-5.000000,0,70.5201,887,30,12,12,6
342,4675.69,-5324.31,-5.199521,0.576298,-0.867642,-5.000000,0,59.8520,1024,20,12,10,4
318,4658.47,-5341.53,-4.335657,0.613987,-0.825791,-5.000000,0,63.0887,1232,25,12,8,4
321,4652.54,-5347.46,-4.351066,0.617128,-0.902021,-5.000000,0,57.8212,1229,15,14,8,4
542,4556.94,-5443.06,-4.265721,0.559446,-0.752448,-5.000000,0,64.0507,1276,20,12,6,6
618,4525.04,-5474.96,-6.214484,0.541096,-0.757223,-5.000000,0,70.5201,881,25,12,12,6
237,4493.33,-5506.67,-5.239458,0.586245,-0.845239,-5.000000,0,63.5427,1051,20,10,12,3
199,4486.65,-5513.35,-4.892059,0.579513,-0.864576,-5.000000,0,62.1968,1127,30,14,8,3
198,4486.65,-5513.35,-4.892059,0.579513,-0.864576,-5.000000,0,62.1968,1127,25,14,8,3
197,4486.65,-5513.35,-4.892059,0.579513,-0.864576,-5.000000,0,62.1968,1127,20,14,8,3
316,4397.31,-5602.69,-4.760144,0.577475,-0.830168,-5.000000,0,65.8243,1177,15,12,8,4
569,4389.93,-5610.07,-4.774528,0.558413,-0.724955,-5.000000,0,68.5196,1175,30,12,8,6
568,4389.93,-5610.07,-4.774528,0.558413,-0.724955,-5.000000,0,68.5196,1175,25,12,8,6
614,4387.35,-5612.65,-5.738906,0.528940,-0.803230,-5.000000,0,68.1528,978,30,10,12,6
164,4385.67,-5614.33,-4.835771,0.496678,-0.897200,-5.000000,0,61.0329,1161,30,10,6,3
163,4385.67,-5614.33,-4.835771,0.496678,-0.897200,-5.000000,0,61.0329,1161,25,10,6,3
162,4385.67,-5614.33,-4.835771,0.496678,-0.897200,-5.000000,0,61.0329,1161,20,10,6,3
517,4365.62,-5634.38,-4.059352,0.507383,-0.842799,-5.000000,0,63.3436,1388,20,12,4,6
317,4276.37,-5723.63,-4.703065,0.586656,-0.831604,-5.000000,0,67.1291,1217,20,12,8,4
319,4261.47,-5738.53,-4.669268,0.586999,-0.835865,-5.000000,0,66.9608,1229,30,12,8,4
613,4235.12,-5764.88,-5.930947,0.516237,-0.825016,-5.000000,0,68.1528,972,25,10,12,6
594,4196.83,-5803.17,-5.500635,0.552746,-0.765371,-5.000000,0,69.2789,1055,30,12,10,6
622,4154.53,-5845.47,-6.423593,0.573439,-0.768551,-5.000000,0,74.1827,910,20,14,12,6
45,4142.75,-5857.25,-4.619282,0.596631,-0.887794,-5.000000,0,64.1603,1268,10,14,6,2
593,4044.60,-5955.40,-5.677216,0.541077,-0.769989,-5.000000,0,70.6698,1049,25,12,10,6
567,4033.86,-5966.14,-5.064635,0.543459,-0.737054,-5.000000,0,71.6724,1178,20,12,8,6
46,4007.01,-5992.99,-4.602911,0.581547,-0.843092,-5.000000,0,67.6376,1302,15,14,6,2
48,3888.61,-6111.39,-4.759650,0.573039,-0.845662,-5.000000,0,68.7642,1284,25,14,6,2
47,3888.61,-6111.39,-4.759650,0.573039,-0.845662,-5.000000,0,68.7642,1284,20,14,6,2
617,3806.38,-6193.62,-6.935745,0.520141,-0.772028,-5.000000,0,78.2469,893,20,12,12,6
49,3626.77,-6373.23,-4.963575,0.554731,-0.851059,-5.000000,0,71.2556,1284,30,14,6,2
612,3610.08,-6389.92,-6.454465,0.497014,-0.854232,-5.000000,0,72.9584,990,20,10,12,6
247,3601.93,-6398.07,-6.623261,0.578257,-0.799102,-5.000000,0,78.0912,966,20,14,12,3
248,3596.82,-6403.18,-6.390399,0.593072,-0.812970,-5.000000,0,76.8205,1002,25,14,12,3
592,3542.30,-6457.70,-6.074976,0.527391,-0.784015,-5.000000,0,75.2594,1063,20,12,10,6
249,3521.46,-6478.54,-6.465609,0.588282,-0.814743,-5.000000,0,77.5555,1002,30,14,12,3
71,3310.20,-6689.80,-5.570192,0.555763,-0.861859,-5.000000,0,72.2439,1201,15,14,8,2
74,3276.98,-6723.02,-5.597852,0.553557,-0.862448,-5.000000,0,72.5530,1201,30,14,8,2
73,3276.98,-6723.02,-5.597852,0.553557,-0.862448,-5.000000,0,72.5530,1201,25,14,8,2
72,3276.98,-6723.02,-5.597852,0.553557,-0.862448,-5.000000,0,72.5530,1201,20,14,8,2
